lemma_id,headword
144029195,i)w/
216072732,po/tis
221543970,poth/
29378051,*)iw/
266349797,pota/omai
137558459,i)/on
146353788,i)o/s
215537107,po/ths
209992907,po/qi
219556622,poqi
217054841,ou)ta/w
220039344,ou)ta/zw
145810435,i)a/zw
219594267,poqh/
273123379,i)a/omai
212098264,ou)/tis
217813288,ou)ti/s
208712664,ou)/ti
120373959,a)ri/s
237337951,ai)ai=
207991476,ai)=a
247176132,po/qos
163443826,ka/r
217379309,ai)a/zw
122240964,a)ro/w
143920310,i)/ton
143137171,i)/ths
293204650,a)ra/omai
173327590,ka/ron
230306500,mo/ron
343172117,oi)=mos
155588652,i)to/s
220607979,pote/
210516882,po/te
231160325,mo/ros
195230876,domo/w
369028181,oi)/moi
256277604,poto/s
248481732,po/tos
163274466,o(/de
188474549,do/mos
188365831,keino/s
184158955,kei=nos
32402071,*)amw/n
163379435,doma/w
189408226,a)=ra
109771334,a)/ron
145448009,dh=ta
188416851,a)/ra
198140926,ou)
196676115,a)ra/
115458450,a)rh/
209769238,krufh=|
128139634,i)/a
185122162,ka/ra
183006055,broto/s
178966831,bro/tos
192324937,ne/atos
206722244,a)ra/zw
188779012,a)/gan
203665584,kru/fw
198451966,qea/
194466470,qe/a
69818989,*ta/fos
202321017,neato/s
387569300,so/s
153872578,bora/
163918707,bora/zw
132125130,i)a/
100655731,a)/gh
108956230,a)gh/
226776851,e)/ste
190388180,oi)=ma
208137895,ou)/te
118872516,a)mo/w
190498244,boro/s
220479386,ta/fos
134065740,e)mo/s
26926058,*)/anakes
102686355,a)/mh
158984699,bora/w
107066920,a)/gos
204899327,kunw/
172737180,ei)mi/
188086800,ph=
186598400,ph
262354589,xrh/
208862085,more/w
268152252,sunai/mwn
262924525,xrh=
105341602,a)/th
229482028,e)me/w
210257756,a)kta/zw
121162647,a(mou=
198419788,a)ma/w
233829844,sou=
126890543,e)/sqw
204477672,kune/w
166153366,o)/y
164629556,diplh=|
191006946,fusio/w
188440231,fusia/w
219514184,w)/moi
220424320,a)mhxanh/s
228982552,seu/w
416507319,su/naimos
158783861,fi=los
118977843,a)kth/
207261124,a)kte/a
214830008,a)mplakei=n
200956287,qe/w
192845771,mh=tis
337632653,ma/omai
160159346,domh/
192511724,mo/ra
191854396,mh/tis
164944597,diplo/s
179460757,o)/llumi
184766780,o)rga/s
76059366,*pu/los
223139402,pu/los
76516383,*pu/lwn
186198864,keno/s
300937978,yeudoku/wn
232791335,pulo/w
167816987,o(/qi
205943135,qea/w
110625159,a)/ros
190484322,pa/gh
298444901,zw/nnumi
180561143,freno/w
159617278,dra/w
208681614,pela/w
170114461,diplo/os
212680624,qeo/s
169094205,frh/n
311918136,koufo/noos
204692571,mu/dos
234527006,pulw/n
202694721,w)=
227055134,te/qhpa
61105443,*ko/ra
382711296,a)nala/zomai
196895511,pa/gos
197886886,pa=gos
213051572,ta=n
165860376,blasta/w
213923223,se/bw
157792486,fi/los
127924657,e)/ramai
157082333,boeu/s
214106687,mudw/n
130294444,ai)/rw
200220024,a)ga/zw
214694904,a)mhxane/w
301755241,a)mhxana/w
192164755,ne/kus
332672036,e)cere/w
326412372,o)po/s
231840586,toi
261797507,xio/w
174047675,o(da/w
211704266,karta/zw
192240386,ka/rta
260759010,xia/zw
172062627,ka/tw
196438280,koni/s
86686159,*tufw/s
108584368,*tufweu/s
179416635,le/gos
79462199,*xi/os
253498409,xi=on
135686702,au(=
135700391,au)=
198783525,kore/w
132317405,e(/nnumi
80032135,*xi=os
158466466,fi/lwn
166069314,dipla/zw
230792006,pareia/
233412823,parei/as
213854423,parei/hs
400584091,sw=s
125894257,a)mfinoe/w
127388275,a)mu/nths
226817761,qnh/skw
198161398,oi)ma/w
157628817,fa/ba
148786104,ei)ka/s
379544739,sh/s
113396295,a)/xos
226097338,du/spnous
295468080,koufo/nous
153858437,du/h
211906143,pelo/s
167444419,filo/w
199353288,neio/s
232850476,e)re/w
176465240,i(ppokome/w
123908356,a)xe/w
205154096,a)gri/a
203521631,kuna/w
231020339,e)cera/w
195286016,a)ga/w
192297862,karto/s
117005511,a)mi/s
206848807,mhri/zw
388317748,a)pana/stasis
187304801,ko/nis
256024387,lwba/zw
387296043,se/bos
241302980,nomo/s
234884549,no/mos
156112573,e)pi/stasis
207900935,a)gria/w
293868890,a)ta/omai
217907788,pa/omai
164838035,file/w
245409540,e)gw/ge
183362915,ko/rh
208808591,muda/w
363458980,kataskafh/s
75659606,*pa/trai
194240910,katw=ruc
189557943,a)/nac
134209659,e)ra/w
123701847,a)gri/zw
233186592,th=|de
234692880,pate/omai
204990239,kratu/s
123363658,a)grio/w
170044436,ei)=mi
210862097,a)mfina/w
124559446,a)mfi/noos
211798632,a)mh/xanos
152447041,o(
227505276,u(pe/rtatos
288660963,ka/kh
320097236,o(do/s
193671252,klu/w
166530851,kai/
205583594,nekro/s
115400848,a)go/s
150124722,bla/sth
254019222,tribeu/s
256003311,tufw/s
257863041,h)xh/
214195184,lwba/omai
111169945,a)/grios
143574419,i(/zw
144584509,ei)/kw
204209721,kanaxh/s
203878809,kanaxe/w
211050994,a)re/omai
203278714,glwsso/s
252951127,talai/frwn
132254992,a)munte/os
136511167,a)munte/on
189277426,duspnoe/w
339682037,mw=mai
297772701,kako/s
237865600,pare/zomai
238194914,ta/las
162947926,dua/s
237092505,e)re/omai
222093559,w)=mos
356462955,kataskafh/
264834170,xiw/n
228287797,phgh/
76897892,*patre/es
322631600,nin
23335201,*)=apis
189548521,o(rath/s
129085135,e)gw/
160788352,au)to/xeir
126156279,e)/ros
213615622,pela/zw
180823539,i(ppoko/mos
180143819,i(ppo/komos
243269469,au)ta/delfos
182819767,du/spnoos
418731640,u(perauxe/w
413571151,u(perauxh/s
369384000,ou)rei=on
199087120,katw/ruxos
73571091,*pu/lai
197701538,kra/tos
178645594,ke/rdos
204836465,kerto/mios
201617621,kanaxh/
205075901,kanaxo/s
216728213,pu/lh
199345686,pe/lw
287337801,zugh/
272091400,yeu=dis
168339016,eu)w/y
410673350,u(pe/rauxos
175038611,eu)wpo/s
208540846,me/leos
200294355,pai/w
266972951,eu)age/w
195392223,ku/wn
206290523,nekro/w
218195559,a(nda/nw
151374383,boei/h
298110597,kako/w
163312466,o(/s
209000121,a)ra/ssw
241444762,xa/w
225851490,numfei=os
358333716,metarsio/omai
287714452,a)ra/ca
199885224,kerauni/a
89543657,*plouteu/s
108175819,a)/kos
230539260,w)mo/s
200259681,pa/trh
218812193,pa/tra
107825626,a)/nqh
188458212,o)rga/zw
257037451,xo/w
340542595,kataqnh/skw
200025391,pe/las
212708927,a)tima/w
227686863,siga/w
221447446,su/
32889658,*)apis
202979714,qh/r
215675480,a)tima/zw
113234960,a)/kmhtos
214387846,plh=gma
224428563,kertome/w
406893224,prospole/w
158410947,deina/zw
275066154,xqw/n
172447212,o)/pis
168686386,fonh/
199211382,mhri/a
110717251,a)kh/
213809250,pagkoi/ths
214964743,a)mfixanh/s
212570535,lakpate/w
214904047,lakpa/thtos
368159379,xruso/rutos
228757826,ki/sshris
230269918,kissh/rhs
209320571,dusmaxhte/os
132666750,e)/corqos
191203771,dusmaxhte/on
212894914,pa/lai
134156090,ei)
209413304,kru/ptw
234735455,proqe/w
245602004,ei)/te
170793445,du/nasis
201485449,kerauni/as
163346151,ge/nnhma
235054693,kompo/w
117474415,a)gw/n
200369147,pai=s
281182162,summa/xomai
272897179,yeu=dos
197311454,dussebe/w
343094309,e)mpede/w
221182692,ai(ma/th
248488045,stega/zw
201044391,a)ni/a
224943182,patrw=|os
222716284,patrw/ios
185473709,o)rga/w
224466774,sigh/
263507915,i(/ketis
271770545,i(ke/tis
143339234,e)mpla/zw
192058653,nea/th
190167147,o)frua/zw
184164987,o)fru/h
194634308,a)/pais
255618218,za/w
176725921,li/s
111562915,a)/krwn
213785797,a)pani/sthmi
187200594,o)frua/w
311637142,ai(mata/w
192356753,pa/lh
209708689,pa/la
246044868,e)xqe/w
155403910,feu=
216227899,si=ga
167522929,blasta/nw
403358961,ou)/koun
406020331,ou)kou=n
246760110,tribh/
263092852,ponto/w
140687861,h)mi/
198261428,doro/s
423760778,pro/spolos
114272233,a)e/lios
221949499,musa/zw
397475367,siga/s
354147196,oi)wno/s
118155281,h)/
119146656,h)=
191122476,kaqi/hmi
233668355,ponti/zw
183834126,du/smoros
112744166,a)=tos
151035978,fh=ma
165854918,eu)agh/s
194769556,a)/fhmai
221740961,ti/s
230507789,te/knon
129743489,dh/
232620871,siga/zw
274752591,yeudh/s
198284424,a)/patos
249215959,triba/s
198721643,laka/w
284793722,xlwreu/s
219346369,fra/tra
291513931,zuge/w
172185276,o)/rgia
238912211,ste/gh
244799812,spora/
160217564,blasto/w
152364931,h)xe/w
229972436,tis
252332628,po/tmos
177939654,ka/rtos
294120315,zugo/w
210279038,a)rato/s
201177990,pe/dion
208090769,pedi/on
192723815,a)/atos
209112996,lwbo/s
195698666,lw/bh
140279440,a)kte/ristos
262035829,tumbh/rhs
217592923,krupte/on
250294256,e)leli/xqwn
174278829,filhte/os
221436715,du/saulos
125069455,e(/rgma
191697360,kaumo/s
410073895,xruso/rrutos
139952257,a)ndro/fqoros
174116829,filhte/on
217754923,krupte/os
141113073,a)ndrofqo/ros
181446344,fre/nwsis
222401230,plhgmo/s
194167111,a)/nta
108763654,a)/nth
208929828,a)nta/w
245268926,xe/w
106653895,a(/dos
188002099,o)rgia/w
233772825,u(pe/rteros
212054681,dussebh/s
202166365,a)/ntomai
216271301,lwbhto/s
190987060,lhke/w
261332076,pro/xoos
250471608,proxo/w
228993020,qu/mos
238430096,qumo/s
259442382,ze/w
181899141,bo/eios
393996792,sfo/s
213939284,ou)damh=
294781101,a)pa/llacis
201645530,pa/llw
228139195,qu/mon
190814487,leu/kh
171906475,fona/w
163443070,dua/w
202007700,a)i/tas
167810408,blasto/s
213805226,parw/n
224415990,qallo/s
199734524,a)/qaptos
363501801,ou)/reios
276022319,xrau/w
266977278,xra/w
135424450,bo/a
142278426,boh/
296592403,a)pallagh/
297915122,zw=sis
251876844,spora/zw
225880086,ai(mato/w
111772831,a)/pios
250352765,poio/s
106010775,a)/nw
206309795,a)ke/omai
293782419,zugo/s
182332418,du/sthnos
157286230,deino/s
208906578,metarsio/w
245842221,tu=fos
209125847,logxa/zw
208072291,a)lla/
207169602,kardia/w
251011061,poi=os
242842230,skota/w
241806133,e)mpedo/w
228445100,no/os
652107806,o)rniqosko/pos
650511858,o)rniqo/skopos
213571465,katarreph/s
236822680,proti/w
182310931,o)rgh/
154519777,e)pana/stasis
146958795,h(mo/s
239576495,tekno/w
248759856,stei/xw
64865854,*mhdi/s
124675674,a)lgeino/s
237288908,sqe/nw
190968652,o)rgia/zw
200539193,broto/omai
253413815,tufo/w
110442798,a)/kron
175043956,o(/pws
201581382,pa/tos
238484480,e)paei/dw
344241668,mainome/nh
120491306,e)a/n
113831934,a)/noos
229969421,e)/mpedos
173956959,curo/n
174810784,curo/s
223706703,pro/s
200491927,neu/w
351507293,me/teimi
204455070,peda/w
172994051,gonh/
203228424,a)/klaustos
208416425,a)naple/kw
225774367,martu/rhsis
292928594,zugo/n
324993224,kukle/w
126569707,e(/rpw
208134777,pw=
196936974,pe/ra
98519606,a)/n
193591491,a)na/
206646377,pw
253713788,e)piktei/nw
159486908,blasto/n
196077805,kerau/nios
227996739,dusbouli/a
324631714,kw/kuma
222500877,a)gxistei=a
213434603,katarruh/s
231220851,pro/basis
212021303,katarre/pw
251802647,parabato/s
229320075,katanti/on
147086301,e)pista/zw
170901650,mh/
384729328,se/bas
192781505,lith/
204422763,kardi/a
230268346,su/n
148891392,e)xqi/wn
186298546,mh/te
130651699,e)/xqra
131181514,e)/xqrh
127826076,e)/xis
74987853,*qallw/
181921846,la/xos
209628476,kasi/gnhtos
150746400,au)/tws
123089395,e)/sw
255998691,loi/sqios
182292329,ei)na/lios
250906628,ei(le/w
221250562,numfa/s
244663976,ei)/qe
175894418,fh/mh
225722629,u(pe/rmaxos
36333941,*(ri/ph
426868453,stu/flos
210294292,a)naptu/w
188672765,ko/ris
334361306,o)mbro/w
148110454,dei=na
285594666,yu=xos
184521382,glw=ssa
302445216,xlwra/zw
137918343,i(/kw
176170215,le/gw
194585981,go/os
135944250,e)rw=
197310778,r(iph/
173405343,gu/hs
323170203,o)/nqos
193368287,fqo/ggos
185165721,o)mbre/w
276496830,i(kne/omai
169797108,eu)na/zw
212331294,pera/w
192714243,nao/w
118502220,a(mo/s
157275579,fh=mis
219621226,naieta/w
340358196,nu=n
114082422,a)/llos
237207861,e)kre/w
224236821,ko/mpos
234347764,kompo/s
178923486,fu/sas
216473091,a)nakwku/w
227094526,u(peralgh/s
146245762,e)corqo/w
146246212,e)pi/rroqos
214773888,a)mfixa/skw
146572924,e)ntribh/s
211850103,mania/w
207828262,mani/a
139807907,e)ta/zw
179898877,blw/skw
191867795,lo/gxh
178210744,fqina/w
190632504,kelaino/s
153079354,dei=nos
210642837,path/r
338229738,o(rato/s
395959667,sfei=s
251715735,po/ntos
200857374,pe/ran
149629883,e)pi/stamai
326876188,kuklo/w
127502014,a)kosme/w
224485881,numfia/w
220247859,pleiw/n
206376363,qh/ra
165009739,dra/kwn
188387559,ne/os
162999075,e)pi/skopos
199485225,pe/don
208591751,mu/zw
220718811,po/sis
372439462,kwku/w
206546283,a(marth=
184100546,fusa/w
180674729,di/yios
236874011,a)mfiloge/omai
164673136,eu)gma
327028474,au)qadi/a
224064388,pa/gxalkos
167661158,h(merosko/pos
191713047,duspotme/w
207168243,ph/mwn
165568786,h(mero/skopos
152630259,ble/yis
168907657,ge/raira
160914676,eu)=gma
121383575,a)/shmos
164320216,dei/laios
104698665,*oi)wno/s
207008612,kore/nnumi
298143740,xlwra/w
206488491,pai/zw
114729237,a)/gnwtos
172632521,drato/s
193860247,nei/kh
214029016,u(/ptios
234647796,pagxa/lkeos
169842057,e(sti/ouxos
185364424,dusfro/nh
216654410,nu/xos
255192167,periskelh/s
173177043,e(stiou=xos
163649827,eu)nh/
281356871,yu/xw
165651526,diplo/w
129482143,e)/xqw
153093697,fanh/
320435132,o(do/w
119935719,a)gre/w
166699438,fu/w
206789843,meta/rsios
111105898,a)/kros
175676806,fu/zw
123281194,a)ndri/s
108849799,a)/kwn
209600716,eu)/qunos
239241652,au)lei/a
230145965,kata/sxetos
135408746,a)gro/nomos
136553630,a)grono/mos
248515552,qro/nos
203289200,melaqro/w
202034400,o)rniqw/n
221667208,sei/w
206566436,te
185430651,o)fru/s
233843217,au)da/w
258664200,polio/w
228118783,pte/rwn
200259434,mela/qra
178753787,la/skw
265997275,parasta/ths
299000752,a)palla/ssw
55686188,*deu/s
225434539,qermo/s
199226123,lito/s
242829131,paga/omai
207717479,a)gria/s
125729132,a)neme/w
124270429,a)ndro/w
213258248,u)/mmos
177503815,fqina/s
270758461,eu)sebi/a
193093306,gunaiko/w
207702001,gunaikw/n
260550190,parastate/w
196173642,kleino/s
175510657,la/xh
188257777,laxh/
138296590,a)ndrw/n
144520243,ei)=ta
324195456,o)/mbros
324478681,o/)mbros
176214140,gona/w
210235869,lagxa/nw
200453750,pa/ros
166940692,doka/zw
321227451,ku/klos
159538315,fano/s
198681963,nei=kos
209235142,phga/s
139845350,dei=
231942937,a)nume/naios
118012254,a)/nolbos
433077689,stufelo/s
243743332,e)pa/rkesis
144880106,e)mptu/w
190807155,kalu/pths
211143174,mania/s
138098428,e)to/s
194398534,dia/zomai
142218026,di/w
53192135,*di=os
172572538,fana/w
169546461,fu=sa
199614383,mu/w
296284405,a(marta/nw
123345511,a)nemo/w
227328218,plhsia/zw
210793303,ou(/neka
222860919,neike/w
125801911,e)/pos
181270050,mh/s
132094242,a)pw/motos
252725359,e)pirroqe/w
222402265,a)gxistei/a
227302040,e)/rebos
171905806,du/sfrwn
218914923,malqa/ssw
154310712,ei)sh/kw
172542296,cure/w
114893381,a)ke/w
126976181,h)/n
199885521,u(=s
219696782,gunaikwni=tis
125646947,e)/ths
185746010,le/xos
218267915,pikra/s
195499910,nea/zw
192698832,kerdai/nw
144981459,h(du/s
221406180,pole/w
245337939,e)xqe/s
191382370,o)rqia/w
247763958,tri/xa
205316689,pa/gkoinos
29191468,*)/erebos
234326921,palta/zw
233042839,w)ti/s
115119083,a(/teros
152339856,i(ke/ths
237684559,proxe/w
192257575,a)/kra
126127095,e(/lkos
229181694,te/llw
136259324,e)na/lios
194348923,o)rqia/zw
138917796,e)nqadi/
183273055,fqito/w
409033146,peripeta/nnumi
165535640,au)toxeiri/
142299070,e)pilu/w
190456436,o(rma/zw
330460140,mi/asma
243576912,e)mple/kw
213259292,po/lis
123566364,a)peilh/
150737389,e)xqro/s
209956034,oi)mw/zw
237877633,ta/xa
142374549,di/kh
230456626,lusso/w
285920933,ptwmati/s
216827546,malqa/zw
185591635,mai/nh
23750296,*)/aceinos
273476679,troxo/s
130385110,a)rxo/s
146901115,boa/w
208050735,a)nia/zw
244399808,proti/qhmi
401065629,skia/s
185844471,ma/ntis
131747626,e)/xqos
180953847,le/ws
242185875,no/sos
168340962,o(/te
161043260,e(pta/pulos
229888938,nhleh/s
189448753,ei)sa/llomai
188403363,r(e/w
208022839,a)raio/s
207095636,a)rai=os
193520229,doko/s
187552824,do/kos
110649410,e)/a
181394847,o)fe/llw
247116654,tu/mbos
190346172,me/laqron
290939222,yuxh/
188347310,o)feile/w
282557174,xlwro/s
184436739,frone/w
298651177,a)pallacei/w
114201206,a)/llou
208691848,a(marte/w
174023412,ka/lws
196491175,dusse/beia
246160573,phmonh/
224750333,ai)gla/zw
234373780,u(permaxe/w
182566126,fqito/s
214723443,noma/zw
197359383,ka/toida
226643762,u(ptia/w
150591548,de/rkomai
145825564,ei)/rw
190535364,oi)/mh
150534987,bhlo/s
218917356,piqo/w
199569094,leuko/s
189148659,oi)=da
254328110,sugkla/zw
115556344,a)/rtios
425639126,skopo/s
423081902,sko/tos
330560879,o(/maimos
243941030,e)fumne/w
227262708,numfiko/s
195047692,kalupto/s
214920517,palto/s
398856086,peripeth/s
198767942,pa/los
210987609,a)graule/w
199759317,pa=los
71837955,*ou)=tis
229610315,u(ptia/zw
226038118,th/kw
111813775,a)/nemos
365403685,ou)damo/s
190201735,kra/s
148796640,e)pista/th
207340955,qa/llw
76399827,*pu/ris
257401610,xoh/
256313030,skoto/w
155792665,e)pista/ths
112659277,a)/peimi
184318926,ne/w
211601052,kremasto/s
358521944,e)papeile/w
110771466,*eu)se/beia
126135409,a)lu/skw
116627764,a)/tufos
140022332,e)fa/llomai
248034148,e)leli/zw
199998725,a)/graulos
173042146,o(/ste
247450213,tami/a
250835813,tami/as
241826507,ta/mias
145547807,au)dh/
203637620,a)na/zw
207287563,qa/ptw
144783582,a)sto/s
220270821,w(s
327267583,au)da/zomai
197522700,r(a/ssw
212425758,oi)mw/ssw
267345348,numfeu/w
125467310,a)mfi/logos
209137211,qa/yos
117721120,a(/rmosis
222532811,petrai/a
224972626,nhlh/s
146396611,fa/os
251361557,sugkla/w
180612303,fro/nhma
337264372,o)rqo/w
133316482,e)ph/n
208905494,nu/mfh
162152849,e)sqlo/s
221898929,u(pei/kw
208409046,pi/qos
163674422,dmwh/
229394626,ne/rteros
170524029,i)soqeo/w
201939662,o)pwph/
230159680,pannuxi/zw
219878209,pimelh/s
232255015,u(peralge/w
66019453,*pa/ros
237992907,e)legxh/s
146207220,e)pani/sthmi
205066232,a)nia/w
147837729,e)kprotima/w
179750804,au)toge/nnhtos
257484462,sugkatai/qw
209760591,mitw/dhs
454116991,tantalo/omai
224355400,a)rxaio/gonos
184061425,du/sponos
231478082,katarne/omai
441610164,summeti/sxw
369692213,marmaro/eis
177119825,au)to/gnwtos
256860565,e)pinu/mfeios
262691460,u(sterofqo/ros
136254535,a)rrw/c
201837752,diktuo/klwstos
247056262,peribru/xios
242531365,e)fagisteu/w
216537114,koirani/dhs
366107749,kunospa/raktos
176685739,dhmo/leustos
130519797,a(millhth/r
345570912,e)pente/llw
200371765,a)/graptos
459665791,tripo/listos
240422944,u(perexqai/rw
248874589,qeogennh/s
156337265,di/lofos
509797358,o)rqo/kranos
187489393,du/sombros
223256949,a)ntixai/rw
264123114,barubreme/ths
355973733,o)cukw/kutos
318906866,kaka/ggeltos
231392999,lussai/nw
192183546,dusxei/rwma
384519545,pantopo/ros
214753773,liqospadh/s
130427468,a)ntiplh/c
263916510,tri/spondos
128047302,a)mfiki/wn
135867423,a)rw/simos
254038795,pansagi/a
492103814,o)rqo/pous
142735391,a)porroibde/w
247730508,e)pamaceu/w
244205446,su/ggnoia
227794988,katauda/w
236946972,u(yi/polis
222369978,ta=lis
451888273,tumbo/xwstos
213195331,mhxano/eis
140930148,e)pi/fantos
273458784,polua/rmatos
199544018,dusa/nemos
275506067,paragka/lisma
142831648,de/mas
115090996,a)/timos
372970267,eu)se/beia
205376218,pa/ssw
246822581,thliko/sde
128333609,a)lu/ssw
167822941,au)to/xeiros
245038132,sqeno/w
203757916,fono/w
203107673,khru/ssw
226559256,qerma/zw
58132651,*ferai/
239006144,e)cepi/stamai
125101855,e)/rgma
65244856,*me/ssh
186791550,du/spotmos
375720316,peri/polos
144524490,ei)s
168603809,h(ssa/omai
365491450,r(ei=qron
159217965,ei)sora/w
223153989,mwro/s
166812605,eu)na/w
162631958,h(lio/omai
146665274,di/xa
186398331,me/los
206883975,qe/rma
207601095,qe/rmh
192219099,nao/s
155198395,do/ru
241321171,e)ggenh/s
123796628,a)lgu/nw
218156450,nu/xios
74364824,*kua/neai
160116407,e)paitia/omai
289941797,prosora/w
414597016,ste/fos
108709207,a)/cenos
220536145,plekth/
218422567,nosa/zw
163224338,dixa/s
324831096,o)/reios
201601331,monh/
359082358,muqe/omai
183118450,dikei=n
118141385,a)=sson
116300606,a)/mbrotos
223638842,prh/qw
229526812,numfi/dios
121271595,a)gnw/s
418338377,su/gklhtos
476510659,sumforeu/s
373545171,eu)mene/w
252476530,tele/w
158636067,dhlo/w
184595634,dikai/a
327293976,kukla/zw
150359434,h(lio/w
143602283,e)fi/sthmi
236983946,tima/w
204098853,pi/kra
268347409,dendrw/n
245435677,pro/soida
189305774,nea/w
214444600,nose/w
169550883,fqi/w
359814105,ou)/toi
351174848,kataktei/nw
201185081,go/nos
207546290,u(fh/
215700387,u(fa/zw
128684844,e)/romai
118815339,e)/ra
25578699,*)/akrwn
207656427,u(=lis
65213674,*pa/ris
192179520,oi)=dma
150585316,e)kkhru/ssw
152915753,e)pikta/omai
224398806,u(menaio/w
217286109,pimelh/
270724718,diaskeda/zw
239950588,e)nqa/de
191520384,ne/omai
72743262,*poi/as
250986352,qro/non
203035909,pa/nth|
120414401,e)n
226389334,oi)kei/w
151347147,ble/faron
212061275,eu)qu/nw
221959347,pikra/zw
146946338,dio/
168403082,fw/s
144423094,e)llo/s
415929418,u(pekfeu/gw
223281431,petrai=os
415489035,skhpto/s
129034931,ai)/glh
253664651,pro/soyis
241360230,skopa/w
242043981,skope/w
220939523,u(fi/hmi
239617899,spei=ra
122639626,e)/nqa
202060179,a)pa/th
168496242,dixa/zw
137908926,de/w
121686780,a)nu/w
213291296,qei/nw
138354901,h(=los
69206326,*kra/ths
231197347,ptu/w
218512305,foi/nios
228227062,u(ptio/w
125756675,e)/mpas
173148196,doreu/s
60648714,*(uleu/s
210766379,u(fa/w
248478592,po/lion
116164852,a)/qumos
125680995,e)/xw
160342145,dixh/
277493709,toio/sde
182614453,goneu/s
366678747,muqo/omai
215711219,pou/
216281155,pou=
261376049,purfo/ros
223994425,plekto/s
238326493,pu/rforos
209309539,pa/roikos
163562234,dixa/w
298002451,tu/mbeuma
211780904,dusqrh/nhtos
134118465,a)gxi/ptolis
166359315,dikrath/s
284962054,qnhtogenh/s
211838816,fronou/ntws
490790658,o(mo/splagxnos
305517566,sugkateu/xomai
173528169,eu)a/rmatos
237678579,qanato/eis
210216675,kalxai/nw
231042396,te/rmios
176676532,au)toktone/w
126485821,a)mfi/qhktos
143855247,e)coimw/zw
180142119,eu)kro/thtos
217582662,r(oi=bdos
229279615,dusko/mistos
245119695,peukh/eis
197083302,koi/mhma
137214089,a)porqo/w
262112343,qusta/s
252662246,lhsmosu/nh
300588873,h(sshte/os
234740736,e)gerti/
223167114,u(pi/llw
229007533,e)/legxos
203281924,ke/leuqos
189352419,nai/w
181772822,gunh/
225765478,petrw/dhs
193704498,kasignh/th
279517826,prokhru/ssw
145062895,e)ntri/bw
318207397,kath/koos
318118216,kath/kous
243553597,e)paite/w
130281496,a)qumo/w
224694663,numfi/os
145110384,de/omai
163880559,gela/w
248591470,texno/w
231513785,bla/bh
199491966,lua/w
336557443,o)rqo/s
136330005,ba=ros
185347557,kh/rugma
254321248,dendro/w
199379408,katoru/ssw
217005466,patri/s
130428988,e)/rgnumi
191052221,ko/rus
129339789,e(/rmaion
142935541,e(rmai=os
176929754,fuga/s
228170398,e)/peimi
103820500,a)/gw
208579567,ou)de/
359691808,ou)do/s
231307871,tei/nw
212705597,moira/zw
201470804,moi=ra
118480652,a)/gnwstos
175593555,o)/rnis
242992703,qrasu/s
233653019,new/teros
209721094,moira/w
208119465,oi)stra/w
144480921,e)ntima/w
212069555,paro/w
138523475,bi/os
146179179,bio/s
147118769,e)mpuro/w
121355023,a)gkw/nh
213112649,ei)si/zomai
176255104,ei)/domai
204695531,r(oqe/w
125775999,a)sh/mwn
228858775,qra/zw
225406382,qhri/on
357242842,pi/ptw
214507046,phga/zw
216310972,piqe/w
185387607,ma/tos
182896818,ma/thn
125152271,a)ei/frouros
134427177,a)septe/w
258569423,sta/lagma
177116857,basilei/dhs
226020036,paidokto/nos
125973872,a(li/ktupos
246835437,e)pauxe/w
227557381,poleu/w
418248217,su/gklhros
242974647,u(peropli/a
357604048,mello/numfos
206885223,duska/qartos
349931305,e)pentei/nw
229605620,u(pertima/w
338103286,o)cu/qhktos
189884321,dou/leuma
205487034,o)ressiba/ths
480607550,o(mo/polis
245737645,thle/poros
196962774,decio/seiros
322394877,a)ntamu/nomai
222352181,pammh/twr
269763966,eu)/lektros
255939688,sumfile/w
184696324,i)so/qeos
221754060,sai/rw
400313106,peripole/w
119114256,h(=
121170043,a)nti/
133067240,e)/rxomai
232351745,qra/sis
361644319,oi)sto/s
168988527,ke/w
188679235,kla/zw
193127880,a)/page
219397121,paroike/w
206968963,eu)/quna
362799937,mai/nomai
211782444,a)mfiba/llw
301878768,a)nastato/w
124438071,e(/los
193933636,mate/w
177855744,daimona/w
206117497,pa=sis
137081315,ai(re/w
177330047,le/cis
178976418,ma/th
157206502,da/mar
326803834,au)qa/deia
172916803,foi/ths
376328824,kataska/ptw
138865566,h(/lios
114113452,a)/peiros
100409731,a)/ge
209587392,qe/rmw
116072223,a)mfi/
117065382,a)nh/r
233763857,timh/
234079807,ptero/w
209236347,mata/w
203764183,mhni/zw
189923588,o)rgi/zw
118026882,e(/lh
149975509,dh=los
229528555,qespi/zw
243280371,katanta/w
221770683,qhra/w
326930892,o)/rqios
235765565,bla/bos
210127411,pate/w
204814564,pa/mflektos
114957324,a)/lektros
219546029,lwbhth/r
251629652,knw/dwn
232697321,u(perdei/dw
220981685,pare/stios
130856715,a)nwfe/lhtos
128730197,e)/gklhros
139376181,a)nu/mfeutos
167447622,denna/zw
340779790,e)kpe/lei
212472327,a)rta/nh
245749558,u(perpo/ntios
482165636,summa/rtus
257010826,podhgo/s
138656587,bai/nw
293406283,a)pata/w
80557834,*qau/mas
256644055,trixa/s
230936204,e)pei/
592623150,ste/rhsis
184910362,despo/tis
227142468,pannu/xios
228052352,e)kei=
231888155,pro/sqen
115406090,e)c
238869613,e)gklei/w
225436832,te/ggw
215005732,ple/ws
215078996,pu=r
139531527,e)kto/s
114274306,a)/llh|
180388862,fu/sis
53973645,*dh=los
257807946,tuflo/w
393695239,si=gos
219698208,se/bomai
169346143,fqe/gma
219278774,kaqestw=ta
356723638,oi)=stros
211489641,loxage/w
275560585,yoge/w
196877416,fo/nos
203420020,fono/s
181809644,kalo/s
183151911,me/lw
158162060,bou=s
131015049,e)/ntimos
151371323,fa/tis
191177616,kenta/w
158453875,ei)sakou/w
128900948,a)qume/w
172707668,o)/mma
237939987,time/w
125152476,a)qre/w
235269485,patria/
164045498,dama/w
213283467,kente/w
398958087,pi/mprhmi
370320856,pimpla/w
212797567,phgo/s
131843749,a)moibo/s
262168070,e)nnuxeu/w
216989457,lasiau/xhn
189032225,busso/qen
234477985,neo/tomos
337065998,katakuro/w
155634627,die/rpw
270074416,moiri/dios
235906053,e)cempola/w
143708359,a)poplh/ssw
149522425,e)pinwma/w
294328773,a)fanda/nw
223994136,u(ph/nemos
150289909,e)po/yios
278500572,protarbe/w
218076273,neospa/s
226016523,pa/gklaustos
206845761,kaqagni/zw
342499545,megalw/numos
165158437,fu/s
64624633,*qh/ra
265120029,e)piskope/w
301735998,a)nia/omai
226165004,skia/
127965025,bi/a
201402491,frou=dos
188751235,gerai/rw
224926046,li/ssomai
116549956,a)ne/w
190887072,pa=s
179722550,mh/n
84521399,*xei/rwn
190350175,mh=nis
240898508,ste/gw
30709450,*)=isos
202842236,pa/reimi
110503547,a)/fetos
224110484,sfa/gion
296637142,stra/ptw
396966209,sfa/gios
215575267,kapno/omai
211852875,qe/rmos
152477536,ei)ka/zw
130215262,a)peile/w
271115897,eu)menh/s
232480877,shmei/a
236050941,qanato/w
126376794,e)/rgon
202133895,pa/ndhmos
119527119,a)gkw/n
301774315,diaskeda/nnumi
220729246,u(me/naios
213477927,ple/os
168406997,dokeu/s
24030818,*(/ulh
188962676,keu/qw
240021664,prosfile/w
242431125,e)kboleu/s
149353009,au)/leios
241011594,patria/zw
135338630,ba/ros
231277125,skia/w
146674323,bio/w
118366371,e)/cw
232642251,ptw=ma
336269555,o)pto/s
212563071,kulinde/w
208533726,kuli/ndw
237118199,katenai/romai
487789631,o)cu/xolos
246056104,ste/roy
303811720,khki/s
240335990,e)cauxe/w
301028688,tumbeu/w
222862551,liqo/strwtos
341495591,o)nh/simos
180898855,me/dw
199463188,a)/parnos
133119024,a)potru/w
209690636,kteri/zw
286367811,potini/ssomai
115304741,a(/mippos
200649268,klitu/s
168451932,au)to/premnos
133109660,e)/nanta
163384380,dokw/
405953451,tote/
218680274,pari/hmi
132217725,e)/mpuros
300049535,a)na/statos
231964861,meta/stasis
159318856,ge/lws
263588157,xalkeu/s
241581783,e)xe/ths
202536087,krate/w
197334331,kth=ma
377789729,oi)keio/w
190067403,r(o/a
109735894,a)/rdhn
193894010,r(oh/
212137068,u(/parcis
327444132,me/rimna
403976322,to/te
111663910,a)/gnumi
225708825,pu/rgos
146494971,i)/sxw
97077684,*xru/shs
255233407,speira/omai
207238191,mesto/w
200724233,leu/ssw
200863683,kua/neos
146694302,h(/sswn
245986136,po/nos
187429600,mei/s
176620723,di/kaios
201355202,u(/lh
236211133,skia/zw
187244290,li/zw
270899050,potai/nios
237968085,polukth/mwn
237698085,perifradh/s
324127333,la/lhma
212140076,a)ntai=os
143002544,ei)/bw
270618481,xalko/detos
238736019,parastei/xw
174511207,fu/cimos
182742371,genea/
204730338,maqhth/s
345726655,o)isto/s
213855899,u(la/w
213244329,eu)bouli/a
273285244,xou=s
253737273,qanata/w
259379840,sumfora/zw
109787158,a)/ter
217861627,melea/zw
245965754,loxago/s
218503177,pw=s
225743277,pws
228146000,logo/w
224335747,poqen
213131682,po/qen
207562296,kure/w
158456222,du/w
113461489,a)e/kwn
159481267,dika/zw
142570027,h)/peiros
180030183,fro/nis
233112223,e)/nqen
232709778,ptero/n
341996901,merimna/w
116182460,a)/rkesis
210894695,katarre/w
227467481,u(perbasi/a
234731233,u(pektre/xw
168318070,diaptu/ssw
215299903,katasxeqei=n
203796535,a)nati/
247722023,prohghth/s
489227516,o(morroqe/w
306905868,polusta/fulos
200661216,leu/kaspis
244991381,ste/rgw
257957271,polio/s
235214303,pro/skeimai
140363187,e)gkrath/s
105165387,a(/ls
232281182,pro/keimai
141766074,e)ggua/w
173870709,o(/mws
185064267,o(mw=s
259572617,ei)selau/nw
137990114,ba/llis
125767059,a)ni/hmi
213217308,ai(=ma
32758156,*)/exetos
197316899,r(h/gnumi
169122587,o(/ti
151231511,eu)=
192557859,dio/llumi
200144698,ph=ma
119708196,a)kmh/s
227889911,lussa/w
200539570,po/a
177014000,genna/w
216242918,katarguro/w
174247010,forbh/
165513896,feu=cis
353498653,o(rkwmote/w
252106705,e)paide/omai
204686713,a)fagni/zw
142226679,a)noiste/os
200259174,klau=ma
250811021,prokh/domai
344435890,e)pecerga/zomai
167882980,fi/laulos
198067560,me/toikos
263370282,sxetlia/zw
255150963,sumfora/
217388571,plhga/s
125999525,de/
265350452,summaxe/w
183985315,o(/stis
180244079,ka/twqen
212992721,w(=de
179399636,kaqo/
319714196,o(/ros
241476515,qesmo/s
124648265,a)re/skw
377483839,oi)kei=os
201410726,maqhto/s
25103135,*)/agrios
256774021,stere/w
163361367,ai)ki/zw
208448251,loxw/
189197735,kerdw/
189849035,le/xrios
192413710,biw/simos
437145873,polu/plagktos
162929160,bw/mios
157360179,e)pi/lhptos
154222428,e)pitu/mbios
260202393,parece/rxomai
194762612,o)xma/zw
124755915,e(/nos
188784549,ni/kh
184740714,ma/kros
219205254,pri/n
233301748,qau=ma
228772726,manqa/nw
173764842,geraio/s
240816508,ste/fw
252606125,ei)re/w
196187113,ni=kos
179324896,gnw/mh
147796920,e)mautou=
176260578,ei)doi/
232926858,qnhto/s
271417596,eu)kleh/s
304149616,khki/w
198830175,mhni/w
208029535,pei/rw
187471933,o(rma/w
150737016,h(me/rios
466202316,su/neunos
131826624,a)ntiloge/w
202304711,a)lao/s
216512427,makrai/wn
253787663,spa/ragma
262114341,stufeli/zw
228941439,tago/s
319653096,prosh/goros
293707551,xrh/sths
205974176,ou)=s
141677740,e)pi/shmon
208906391,a)oida/w
243432781,e)parke/w
226714541,u(perbai/nw
184082007,ma/qos
216156166,mh/thr
251668678,peri/eimi
138039707,e)lpi/s
260465372,talaipwre/w
177925439,fri/zw
134871652,e)kba/zw
172633157,ka=lon
241604426,tu/fw
249009258,texna/zw
204483524,mona/s
139441690,bia/w
148808635,ble/pw
184875041,despo/ths
181252312,o)fei/lw
219299787,phro/s
191367735,mh/toi
264289048,kwti/llw
241360318,e)desto/s
238935376,u(pertre/xw
213851123,palu/nw
134823574,a)poimw/zw
181551829,o)le/kw
364255775,oi)ste/os
209102070,metoiki/a
242677568,e(rkei=os
251156103,tro/fis
240920887,tlh/mwn
232257366,te/ryis
216407947,u(bri/s
192078801,kei=mai
395757068,salo/s
201333988,kau=ma
267238114,xolh/
386443031,sa/los
202380511,kaqa/ptw
281693322,zw/s
210051625,pe/sos
154662987,fai/nw
197680722,lignu/s
210259075,pa/nnuxos
195838803,kallu/nw
303850164,kako/frwn
229624378,balbi/s
126089846,a)/yorros
190538511,ge/neqlon
174288779,fitu/w
241451197,e)remno/s
185914893,dikaio/w
116550595,a(lh/s
240977302,tera/zw
133725592,a)risteu/w
136207391,e)kbolh/
143608315,ci/fos
143568131,h(de/ws
350135799,nekrw/n
235817640,e(lke/w
177670818,ma/qh
155869570,fo/bh
234852892,skh/ptw
181923899,o(ra/w
244597047,plou=tos
180918284,foita/zw
252925478,xei/r
207070555,loxa/w
249035543,prosfilh/s
119230020,a)lge/w
216355393,muqe/w
216354824,kindu/neuma
216304359,qeh/latos
123506795,a)mfie/pw
140970597,e)ph/bolos
201913561,duskleh/s
157184397,a)stuno/mos
414733850,prosptu/ssw
427256191,suni/stwr
225540083,katartu/w
194469994,r(e/qos
262693052,sxola/zw
154125080,ga/mos
224085245,plh/sios
411069416,sqe/nos
251105106,de/ndron
232346747,plhsi/os
255179003,talai/pwros
168979506,dama/zw
245640019,tri/bw
207672906,plh/c
140560234,e)rh=mos
160274736,dei=cis
481060084,o(poi=os
157442762,deu=ro
183085311,o)pa/wn
198150399,o(mai/mwn
249924835,sindw/n
208802511,komyeu/w
242247875,taxu/s
136530410,ba/llw
136289868,e)ci/hmi
360183823,e)pimele/omai
138029687,e)mfanh/s
280593123,protere/w
146531525,ei)/sw
226304106,te/los
136694523,e(pta/
140080123,e(pta/s
179618333,o)cu/s
428477662,sxe/tlios
228249162,pti/lon
145430071,au)=te
407949563,paraspa/w
228458647,ai(mathro/s
156087479,deira/s
123339687,e)/coida
379856918,pro/pas
226518543,neoxmo/s
235578261,peiqarxi/a
120004858,a)khde/w
155175176,ai)sxro/s
315203108,o)/cos
256789412,i(/hmi
222582440,qri/c
259492286,pone/omai
18859845,*)/idh
223109618,plhgh/
143530986,h)me/n
238962715,purgo/w
162962725,doke/w
219938794,u(gro/s
205918445,kaqaire/w
312830238,turanneu/w
145707819,ei)=don
196294559,loga/w
86069552,*zeu/s
374871124,kata/fraktos
199407787,kathrefh/s
216531120,katazeu/gnumi
239304256,promhnu/w
257290911,parasta/zw
219585171,dwma/w
123248412,a)/rguros
279645027,prosere/w
138988544,a)po/rrhtos
208383756,ei)si/hmi
119349736,a)delfo/s
205460897,r(ipte/w
144987865,e)pi/shmos
222707244,pou/s
224617883,qa/lamos
210168680,kuro/w
283390702,poluw/numos
250132220,w)mhsth/s
217051431,se/lma
422951247,stegano/s
215688345,kateuna/zw
227915579,sebi/zw
39328283,*)erinu/s
250327145,pasta/s
241763412,spei/rw
251211489,texna/omai
167215180,goa/w
144280499,e)rhma/zw
77715690,*xa/ris
249360475,xa/ris
232148946,koino/w
240546371,timo/w
266721123,xeiro/w
217939499,plei/wn
113403976,a)/qlios
233075800,probai/nw
181857995,lao/s
234091832,e)le/gxw
133296450,i)/dh
258351642,trofeu/s
223181821,du/snous
225913314,peribai/nw
166038928,eu)a/zw
122056545,a)lgi/wn
145502373,e)no/dios
441593894,stono/eis
207622650,mu/dros
434925821,sto/nos
315357256,a)mpla/khma
119711390,a(gno/s
242708940,e)gkrate/w
198964462,ou(=
189850407,kalu/ptw
208131681,lampa/s
182324713,fri/ssw
228293546,w)=sis
138053381,ge
253023719,tu/rannos
270458203,xola/w
251888457,stefa/nwma
142369580,e)mpai/zw
289502370,fila/delfos
212055543,a)la/storos
246916771,su/nnoia
209013253,ph=ros
188362765,me/laina
155528830,du/o
189512117,o)fliska/nw
361200232,ou)/pote
145261100,e)camarta/nw
133246280,a)nqi/sthmi
300802806,yo/gos
225423199,te/ras
409317833,proskope/w
310458023,a)naspasto/s
172534923,eu)/shmos
145635826,bia/zw
144915106,ga/r
290937507,xruso/w
221264485,a)porrai/nw
203080806,dusmenh/s
184672231,o)smh/
217919015,podi/s
128171650,a)timo/w
162840739,dw=ma
345784733,o)mmato/w
218252161,a)rista/w
174830804,daimo/nion
177933781,foita/w
188595484,kate/xw
136345770,h)/ios
290325466,a)ka/matos
149204881,a)ntifwne/w
116534260,a)/geustos
158336405,h)nemo/eis
384722536,mo/rsimos
261273376,sunerga/zomai
416299196,sti/bos
243937839,tre/fw
294013852,xrhsto/s
270061760,yeu/dw
187470591,klai/w
287382132,sw/zw
373790546,eu)sebe/w
147545062,dei/lh
45851195,*di=a
147278034,di=os
46211010,*di/h
51768374,*di/on
139713705,dia/
116793205,a)/riston
248800433,e)ggu/teros
113547135,a)ci/nh
151041717,di/kella
207568356,u(/falos
203222230,a)/rnumai
131881748,e)/kdikos
115535355,a)po/
247882052,ei)/per
108999691,a)/rdw
232944319,perii/zomai
156017402,fa/sis
145859863,h(me/ra
210231507,ple/w
324605012,o(mo/s
186588315,bouleu/w
148525392,dai/mwn
297213378,xruso/s
234324557,e)qe/lw
232850472,proe/xw
136397483,ai)qh/r
221865017,kratisth/s
463681773,su/mplous
159645214,e)paisqa/nomai
192754395,klw/n
156188640,bre/mw
214125912,misqarne/w
126053959,a(rmo/s
239947552,nauti/llomai
235154375,progenh/s
256545771,sxolh/
264127808,xalino/s
62474817,*mh=dos
187849179,mhde/
121408347,e)/ti
324942908,o(mo/w
200957259,nika/w
252586672,stre/fw
201148611,ka/llista
334668047,mnh=ma
281919241,yeu/sths
410393452,skaio/ths
163447191,dmw/s
143482703,e)pa/llhlos
127787599,e)/ndhlos
186507727,lei/pw
140837934,de/on
264616644,yau/w
262626793,xeima/w
221063511,u(gra/zw
209755428,mona/zw
231442017,koino/s
216447567,u(pe/r
142196715,e)/sxatos
220834630,pikro/s
384846934,martu/romai
122910696,a)ki/nhtos
254480200,ye/gw
214493968,parei/kw
143746128,e)mpola/w
233805489,qroe/w
124055735,a)rgo/s
193205810,despote/w
157993159,deino/w
135055303,a)no/sios
222364696,lo/fos
452234176,toco/ths
233157524,qra/sos
234773461,kolpo/w
158786595,dokh/
188208778,kapno/s
219364254,petra/s
377080898,paptai/nw
129261159,a)pexqh/s
135149435,e)/norkos
218018988,a)pofra/ssw
226178596,pu/matos
277674292,dusdai/mwn
243754019,sta/zw
269661825,xara/
143618994,a)ntei=pon
246203322,tre/fos
372268142,eu)erge/ths
246623113,tw=|
243262100,prodi/dwmi
202548372,noe/w
223924591,a)nqrwpo/omai
223374752,marture/w
174047561,fugh/
136360833,e)kfai/nw
369827671,ou)ra/nios
181584474,o(si/a
149420214,i)/sos
191798095,keu=qos
112999012,a)/fqitos
183837045,le/sxh
221920925,pa/gkakos
116627867,a)/boulos
171577611,o(/tan
200714695,new/s
219653761,para/
231681251,porqe/w
207627673,kataxe/w
181391412,foreu/s
134633700,ai)w/n
182121137,bou/leuma
143005840,e)kpodw/n
296893095,a)qanato/w
175052273,labh/
408137539,pompo/s
210103934,a)bouli/a
234983267,to/lma
127954030,e)/codos
249710173,tolma/w
127283911,e)/tos
155592984,i)so/w
121084271,a)eto/s
202737229,mantiko/s
123531758,a)greu/w
255855298,ai(mato/eis
225622088,podw/khs
247169374,u(perpe/tomai
198583179,krai/nw
236441015,puro/w
186716175,me/nos
176324722,o)/sse
205684407,pa/trios
186536760,keno/w
59887894,*me/ghs
178927420,o)/pisqen
149250079,dei=sa
273222188,yilo/s
248390588,ai)ti/a
209173807,kra/tistos
144779700,i)de/w
335366366,nea=nis
300277694,pro/dromos
121586633,a)/kosmos
143277774,h)/lektron
227847576,qu/ella
175728734,fila/rguros
396956960,qeo/qen
144268295,e)kpra/ssw
275264193,sumfra/zomai
221971236,pone/w
175309047,ka/tos
146810075,do/ca
225943899,qa/natos
189569439,me/ntoi
204729668,dou=los
193588420,fo/bos
214329175,ou)dei/s
314783792,kerki/s
213936547,qambe/w
251092530,trofh/
217236700,a)lla/ssw
250611943,parabai/nw
280102800,xrh=sis
138059959,e(ni/zw
202781323,kri/non
148370820,e)nti/qhmi
132384384,a)porre/w
152009369,e)ksw/|zw
272862855,ai)sxroke/rdeia
238516512,e)rei/pw
216906916,pai/deios
344675620,o)li/gistos
161293668,game/w
129745391,a(rmo/zw
217700128,qeia/zw
203099232,ktei/nw
136020646,a)resto/s
130297925,e)ch/kw
122301483,a(gni/zw
206448964,a)guia/
169198798,fu/lac
205719424,qei/a
154338718,i(kano/w
173708529,daimo/nios
235971740,shmei=on
140920411,h(/meros
269085273,eu)genh/s
145838167,h(ni/ka
222492821,lo/gos
202869677,a)da/krutos
133353574,h(/kw
245381547,prosti/qhmi
322734632,o)/yos
149827092,i(ka/nw
116492390,a)lkh/
269993152,tro/paion
106376595,a)/lkh
113222405,a)=qlos
204433886,krh/nh
110206692,a)/filos
380067621,periptu/ssw
270505372,i(/ppeios
264639442,sto/mion
260514287,sumpone/w
145963803,da/kruon
271697771,xre/os
207344385,qe/mis
139269611,e)nargh/s
275582752,tropai=os
206919539,u(/bris
429232373,spodo/s
159387012,ge/nus
237812598,pura/zw
202567821,a)na/cios
129537366,e)pi/
250690661,poio/w
186414850,le/ktron
129689247,e)/xidna
272885192,sunte/mnw
432446756,stugno/s
195478219,klei=qron
133001572,e)/tumos
138788959,e)pa/gnumi
361275327,ou(=tos
307110894,ei)/seimi
161645483,gh=ras
225017789,e)/cesti
237732221,e)cerga/zomai
280097406,xrh/mh
265611296,xeima/zw
193858125,doko/w
434118234,stugero/s
231616712,w(sei/
281148401,xhlh/
213051256,a)nastrofh/
166223295,au)to/fwros
409627812,ou)damou=
217816277,ou)damw=s
224220069,a)rari/skw
130128788,a)piste/w
224078628,ko/lpos
135390237,e)kbai/nw
299365988,a)parne/omai
181635589,dra/ssomai
206686495,kluto/s
180494762,na/w
227684630,ti/nw
192100014,klh=ros
412463954,tau/th|
118757826,e)k
211483103,nauklhre/w
129246591,a)nterw=
256960408,e)pipne/w
161186408,ai)/tios
226936886,ta/xos
431741864,w)fele/w
257223014,ti/mios
157113637,basi/leion
188707762,gnw=sis
280796958,xra/omai
123988599,a)rke/w
422323122,su/mmaxos
232328818,ploute/w
174054630,fra/zw
231631883,spa/w
245303077,toiga/r
112559305,a)=qlon
257101017,tuflo/s
348224983,ma/nteuma
194072381,a)/gamos
187644259,forti/zw
149386520,e)xqai/rw
203724386,qi/s
209444842,mu=qos
476020374,eu)ergete/w
186856836,a(/ma
228381559,a)sfalh/s
275951528,i(ke/sios
220943932,panourge/w
210368702,au)tourgo/s
232679314,e)/kkeimai
261532443,xe/rsos
206163716,a)gh/raos
303235063,suntuxi/a
169402463,genhi/s
414751243,sklhro/s
230697199,teo/s
223041495,te/os
260760099,xei/rwn
196742555,nau=s
241061215,teu/xw
60403914,*bakxeu/w
216317535,mhtrw=|os
190067756,khdemw/n
369228225,oi)/omai
134674972,a)nqrwpw/
219374802,mhtro/polis
302309644,xolo/w
214615260,r(uqmi/zw
184309155,o(rmh/
176287888,ghra/skw
234761501,e)kei=nos
290047993,xru/seos
197923424,oi)ke/w
127799625,e)/ndikos
254108460,po/ntios
210532074,pa/redros
139789260,a)nti/tupos
300847165,xeime/rios
147018216,e)sxa/ra
220952455,pa/tagos
219259359,mwri/a
128643983,a)nqhro/s
214008765,lugro/s
227562624,pra/ssw
167686698,fi/ltatos
292828191,xro/nos
142621624,au)/w
204691210,qa=kos
207196168,kaqa/rsios
147800863,au)lh/
303094746,yuxro/s
118200305,a)i/sqw
238458521,prosqe/w
189582800,katei=don
145557869,a)rgu/reos
251063207,xa/lkeos
186404003,o(ple/w
302314964,a)lala/zw
197915564,a)/tafos
126661618,a)tenh/s
155110722,e)kdida/skw
140699014,i)=dos
201899348,lou/w
224638954,pari/sthmi
221320396,sai/nw
296527757,a)narxi/a
166524294,braduth/s
229033848,a)sfalo/s
244897157,tu/xh
196507591,makro/s
76563885,*parqe/nos
265629741,xalkou=s
183722944,ei)sbai/nw
269941309,xeima/rrous
115205823,a)/pwqen
120727378,a)oidh/
105197426,e(/
151172586,bla/ptw
145485180,i(/meros
330131948,e)/nerqe
207174678,qa/lpos
325767305,o(/rkios
334960600,o(rko/w
279840254,a)/galma
191489444,kle/ptw
255899373,stuge/w
229655648,e)/nqeos
156392644,a)ntitei/nw
228435742,te/rpw
188356612,o)reu/s
197081156,kaqi/sthmi
119825030,a)/ristos
136702577,e)kfu/w
222643455,qu=ma
210241691,misqo/w
226243711,sfa/llw
186404859,bouleu/s
293852158,a)qa/natos
141975651,ei(=s
123955632,a)ni/khtos
186514962,lh=mma
189275919,me/llw
192669217,limh/n
236832122,neosso/s
123972742,e)/oika
222141491,qarse/w
199041446,ma/kra
299093319,yuxa/zw
119316960,a)/nqrwpos
212845883,maxa/w
250328035,sxa/zw
268582251,porqmo/s
241303068,panourgi/a
204909195,qa/lpw
143285745,gh=
156733092,h(me/teros
188944664,klei/w
127684084,e)/rws
127532455,e)/gxos
128603178,a)/rotron
226313705,plh/rhs
296340572,xrono/w
207919667,pei/qw
141844873,e)mfu/lios
214406676,katarrh/gnumi
202989832,kaqai/rw
232889085,perisso/s
225548839,sfa/zw
173192157,basta/zw
320139207,o)/lbos
242759862,e)reuna/w
225074461,ai(ma/ssw
302573808,sugkera/nnumi
297009419,a)nape/tomai
238767992,qumo/w
199544250,ku=ros
163588956,doca/zw
113294091,a)/rxw
201193385,nearo/s
207102695,kratu/nw
137427641,ba/qron
326258163,katoiki/zw
224253506,kisso/s
190370138,mh=kos
203302218,pa/sxw
146018803,e)rga/zomai
210938103,lupe/w
203972630,pi/nw
138636919,a)ntidi/dwmi
237527612,to/ceuma
151013283,bi/otos
175242486,o)/xqh
262333834,yh=fos
128356345,e)/painos
222219324,plh/ssw
207721393,koufi/zw
231696949,w)ku/s
128297059,a)polu/w
123861612,e(/lkw
116016591,a)/rxwn
229792361,mo/nos
158108895,ge/nos
122112483,a)fi/hmi
251382932,e)pi/xeiron
154633387,h(/suxos
144679324,ei)/lw
139060644,e)kpi/nw
219043198,a(li/skomai
270733426,xrei/a
342981605,oi)=kos
270200739,xw=ma
237539796,no/tos
218312430,pnoh/
169933859,au)to/nomos
229155940,e)fe/pw
274723061,toi=os
314895114,xorhgo/s
151922774,fe/rw
225294331,si/dhron
209991145,plh/n
242747480,e)reqi/zw
266354246,eu)/kleia
139772780,e(li/ssw
217361660,u(mo/s
219535868,monarxi/a
162055396,e)piskh/ptw
220157967,pra=cis
217967465,pantelh/s
215377052,ou)ke/ti
203487523,klopeu/s
140811580,e)rga/ths
192095963,kaqa/
203366725,pe/tra
194505118,lu/w
235768969,pantaxh=
125897381,a)nekto/s
130059557,a)xeu/w
215229442,a)qumi/a
160519285,fhmi/
160201440,i(sta/w
225246062,misqo/s
327265439,o(mou=
260419645,h(donh/
204389945,kosme/w
121922511,a)/ntron
135896110,h)=mar
178152841,o)/nhsis
227110580,e)/peita
136134245,h)=dos
241391137,h)/dh
215520025,nefe/lh
128538767,a)frosu/nh
118704284,a)/moiros
137733584,e)mfai/nw
330349932,o(/sios
150889049,e)sxata/w
135727040,ai)ne/w
237470157,tamieu/w
199916321,na=ma
128298076,e(/pomai
360503717,ou)=son
246763875,di/dumos
182557474,o(plh/
156968386,deilo/s
116216506,a)/xqos
234046396,profai/nw
137036957,h(=par
190501358,dhmo/ths
183831616,me/las
187330135,o)pi/zw
284145322,gignw/skw
395178007,prosble/pw
192095611,r(e/pw
154881595,fe/ggos
224183120,muxo/s
114348427,a)/polis
125362546,a)rxh/
177336500,gou=n
175947140,fore/w
193302360,meqo/
251260258,periste/llw
431545404,stereo/s
281215125,xoreu/w
258516767,proseu/xomai
229005685,te/xnh
130754739,e(na/s
189833260,kli/nw
146542953,basi/lh
131651660,e)fh/kw
180143007,bro/xos
150534396,bo/skw
182150999,duna/sths
227146887,pte/ruc
320029413,eu)tuxe/w
160150839,ge/rwn
142248548,e)ci/sthmi
280668411,stoxa/zomai
122899068,a)kti/s
194045666,kata/
178068923,la/mpw
446761289,suggignw/skw
338831880,o)rfano/s
213672009,kaqista/w
398150056,si/dhros
200987917,kte/omai
209948819,eu)qu/s
151897650,de/spoina
208087826,pedia/s
148442215,ei)=pos
255071563,po/teros
267523948,i(/sthmi
240062361,e)re/ssw
237265248,e)rei/dw
218673045,pare/ceimi
220099379,u(bri/zw
122126075,e)a/w
186929606,li/pos
323374580,o(/rkos
191690865,kai/rios
233399321,pthno/s
231207061,poreu/w
148452412,au)=qis
116185816,a)/lsos
249545049,dustuxh/s
232469434,tla/w
218608035,miai/nw
350431177,meqi/sthmi
196756613,lu/ph
225003848,katabai/nw
135414269,e)/myuxos
138739047,e)/xqistos
342385818,e)pece/rxomai
226958580,a)llotria/zw
175789616,o)/yis
58208185,*pa/n
244949572,sto/ma
149146979,baru/s
120633643,a)/rrhtos
135206426,ce/nh
218705182,parqe/nos
244387535,dei/dw
229088218,ta/ssw
191949298,diaspei/rw
249430924,e)pitre/xw
174168232,fu=lon
244885156,bibrw/skw
130178508,a)poti/nw
187205592,kle/os
210288868,a)niaro/s
322451927,o(/plon
207558539,kta/omai
235432771,shmai/nw
319746596,o)/ros
198330371,r(i/ptw
171324294,o)/nta
422944428,su/ntomos
321765031,o)/knos
424048201,su/mmetros
198013561,a)/maxos
128881660,e)/mfrwn
259370901,ti/qhmi
170864196,bwmo/s
331269660,xwre/w
226927652,oi)/khsis
261340682,tugxa/nw
213395640,qa/rsos
270736979,xw/ra
246826126,toceu/w
109822966,a)/lgos
256720941,paralla/ssw
226389915,qigga/nw
146793362,e)kmanqa/nw
250667696,qhsauro/s
154220435,e)pigignw/skw
248045291,spla/gxnon
107633676,a)/mfw
156910144,ge/ras
245535919,dida/skw
610705946,suntara/ssw
116726484,a)ei/rw
210420999,u(/mnos
149800732,ei)a/zw
339307532,oi(=os
156924279,e)rwta/w
428061966,thnikau=ta
183083497,fulakh/
154155262,i(kano/s
336267219,xwra/zw
178499909,o)/rnumi
194290818,r(i/za
211978832,u(/patos
154980307,au)xh/n
138222636,ai)te/w
167015412,fobe/w
181494982,me/qh
196198476,a)/noia
248445876,ste/rnon
188155684,o(rme/w
213484555,a(rpa/zw
300451097,zeu/gnumi
261480756,polemo/w
116793047,a)delfh/
197065517,mo/lis
203106012,mhro/s
151906633,e(toi=mos
207609699,pau/w
183469755,me/nw
271124266,xala/w
226940986,poli/ths
255689767,tara/ssw
195924047,me/llhsis
181959185,me/gas
203803804,kti/zw
134734156,e(kw/n
139895141,h)=qos
174746437,basi/leios
236103119,puro/s
200250646,miaro/s
212491694,no/misma
270351175,tropo/s
266747023,tro/pos
196026116,mhdei/s
123650966,a)kou/w
344192703,mnh/mh
346956608,ma/xomai
204878904,ma/taios
208194542,lu/sis
138621366,h)/toi
432420014,protre/pw
436549253,sofo/s
202940397,a)/praktos
226205108,polu/s
274967820,eu)daimone/w
167104962,o(/ph
347045721,oi)=ktos
240446290,e)pe/rxomai
140542644,e)kti/nw
208337828,a)lh/qeia
232642007,pata/ssw
193173905,disso/s
263563413,paramuqe/omai
193857850,me/sos
191530987,fqo/nos
157334476,dakru/w
182256319,fqone/w
116694011,a)/stron
217403545,a)nti/palos
212821783,pne/w
326735495,o)/leqros
178848003,fqora/
215775451,u(/steron
198045040,kri/nw
251142899,loutro/n
294534463,barbaro/omai
270583411,barbaro/w
250678320,stena/zw
225683936,pleiona/zw
197681365,gunaikei=os
261847855,swthri/a
290385753,a)na/qhma
198132743,r(eu=ma
291587717,zhlwto/s
166084418,ka/lh
179013717,foneu/w
237006186,katerga/zomai
247143872,e)llei/pw
147218039,e)pisth/mh
202241157,a)pa/gw
398045667,pi/mplhmi
222428682,u(pa/rxw
540402336,prope/mpw
198572610,kh/lh
341932596,oi)=dos
222763790,pleura/
241581980,presbeu/w
135436629,e)kba/llw
337828862,o)fqalmo/s
470997722,o(/moios
479285124,o(moi=os
278386199,xrw/s
245922964,ste/llw
360882701,nw=ton
208150713,dusxerh/s
238068134,tau=ros
164189695,feu/gw
188239476,kine/w
268296069,di/dhmi
196036080,a)ci/a
138703133,e)klu/w
335610705,o)du/romai
192983487,gumno/w
139996131,e)ggu/s
191146704,kai/toi
162928339,flo/c
139707773,e)cani/sthmi
120038455,a)lh/qw
145862570,e)pita/ssw
228493925,koi=los
232720818,dustuxe/w
175978586,me/n
205941545,lamba/nw
213630300,qei=os
128085046,a)rxh/n
134905199,i(/na
132788985,e)cai/fnhs
182459595,o)ye/
242511308,ste/nw
334425017,e)cele/gxw
166632808,geu/w
237497221,pri/amai
138981552,a)pei=pon
138195699,h(/mwn
204834551,ou)=n
140118215,a)llo/trios
237344416,spe/rma
236447874,prw=tos
241888522,prwto/s
177697533,ka/teimi
307166520,a(ma/rthma
161080958,bradu/s
468590554,strato/s
199438408,gluku/s
248974846,e)nnoe/w
257515799,suni/hmi
112182461,a)/ggelos
189131642,fronti/s
209151875,eu)/nous
220528567,u(mne/w
200057921,a)cia/w
479176004,o(moio/w
116322596,a)kmh/
226812291,para/gw
176343252,eu)daimoni/a
148652672,e(autou=
217600139,eu)tuxh/s
204622244,a)fani/zw
147779115,ei)=pon
213960585,kate/rxomai
210796780,a)natre/pw
325487907,o(/sos
224401451,u(/steros
151352819,ei)ko/s
170876741,basileu/s
198373094,bou/lomai
220023450,a)posta/zw
205730161,pe/nqos
246225698,no/mimos
219795261,poie/w
251416011,po/lemos
224887947,palai/w
287436211,pro/teros
390997155,safh/s
201402203,mesa/zw
212800019,po/rw
199158325,mi=sos
140883406,da/knw
234046597,mhxanh/
237424908,loipo/s
343273498,e)leu/qeros
124774411,e)/rgw
243270048,pro/noia
242732831,su/noida
496964553,toiou=tos
199497833,lepto/s
115610502,a)/llote
227775841,pra=gma
107942399,a)ei/
146747132,ai)sxu/nw
131898472,e)cai/rw
244333214,perime/nw
238262885,e)kfeu/gw
234827045,kou=fos
167262721,dei/knumi
201426360,komi/zw
203681492,pe/lagos
267452590,turanni/s
137476986,be/los
167790958,braxu/s
230585356,poleme/w
234239207,sofi/a
188084139,me/ros
112127059,a)/stu
254424526,troph/
202526790,mallo/s
188045513,ma=llon
305621428,xoro/s
233946843,e)ce/rxomai
206110729,krei/sswn
118743586,a)/poros
347130476,ai)sqa/nomai
134662580,e)pa/gw
145768255,e)pilamba/nw
251111180,e)pistre/fw
232705087,paraine/w
165154229,bi/aios
230573389,u(yhlo/s
178429154,desmo/s
214362395,u(po/
180619922,ma/xh
110192019,a)/rti
128474726,e)/qnos
240771905,prosi/hmi
482961238,o(po/sos
178540579,kai/per
271460838,di/dwmi
152282483,i(ero/n
198430966,au)tou=
211344014,malako/s
177499372,kai/nw
124530811,e)/rdw
354476767,pe/mpw
221769026,w(/ste
225537208,plei=stos
169171882,eu)dai/mwn
186525107,deu/teros
343510136,meqi/hmi
243394421,su/neimi
242616381,e)paine/w
130182295,a)riqmo/s
149734246,i(/ppos
198322445,mhke/ti
216868204,a)rxai=os
223770397,poqe/w
247661894,e)kpe/mpw
188891223,o(ri/zw
249619567,te/leios
252893619,sxedo/n
393522731,prospi/tnw
208066845,doulo/w
143839175,e)kplh/ssw
460316533,me/mfomai
155636867,au)to/s
229068252,fwne/w
519748328,tosou=tos
211594246,u(/pnos
287826719,xwri/s
242255234,au)ti/ka
243071524,qauma/zw
227350805,palaio/s
214010471,ou(/tws
265351284,xeimw/n
254213435,xai/rw
141617615,ce/nos
152945583,i(ero/s
222420356,be/baios
180709802,fwnh/
293778306,a)nagka/zw
376111181,oi)/xomai
431986010,thlikou=tos
216710678,pro/
233287298,pro/seimi
200275782,pa/qos
148741551,h(gemw/n
191689638,meta/
270572750,xrh=ma
208643396,keleu/w
258868522,prosta/ssw
201733336,mise/w
247729371,sxh=ma
161862926,ka)n
141445433,e)kpi/tnw
152225679,de/xomai
109483817,a)/dikos
234644120,au)ca/nw
416052987,smikro/s
143503910,a)llh/lwn
124165904,a)mei/nwn
214997546,a)pe/rxomai
167873688,du/namai
221625083,mete/xw
128590035,a)po/llumi
204640855,mikro/s
471861688,strathgo/s
373416175,pre/pw
168310125,eu)/xomai
270711732,to/pos
237741364,sw=ma
107583711,a)/cios
253643348,pare/rxomai
121290364,a)ne/xw
256476405,kwlu/w
404780609,pro/swpon
261129373,siwpa/w
411458905,tau)to/s
216756759,nomi/zw
201061421,a)na/gkh
194983263,ka/qhmai
425502394,tri/tos
193864593,pa/qh
230630204,e(/teros
230907176,pre/sbus
202838790,a)gaqo/s
319527332,o(/pou
145798564,h(ge/omai
117492004,a)cio/w
173253417,eu(ri/skw
223663461,lanqa/nw
195913196,lampro/s
226575136,th=|
206595900,ma/lista
118060126,a)dike/w
188192298,diafqei/rw
127793277,a)lhqh/s
198602197,nu/c
231405884,ui(o/s
196812778,pa/lin
245847535,tre/pw
439529452,teleuta/w
242155287,tre/w
218650140,a)fikne/omai
111731147,a(/ptw
218262481,plh=qos
179541156,kale/w
209252489,peri/
152283500,e)nanti/os
234704589,polla/kis
192804308,a(/pas
299098512,gi/gnomai
131409034,e(/kastos
224049074,w(/sper
